0901,MalakDiab04,Malak2004,Malak,Diab,lokydiab@gmail.com,premium,Movie 1;Movie 2;Movie 3,Mov 1;Mov 2;Mov 3
0087,SuhailaRefaay_4,Suhaila_2004,Suhaila,Reafaay,lolarefa3i.2004@gmail.com,premium,Movie 1;Movie 2;Movie 3;Movie 4,Mov 1;Mov 2
1123,KimoKono,Kim1234,Karim,Tawfik,Karimtawfik481@gmail.com,basic,Movie 1;Movie 2;Movie 3;Movie 4;Movie 5,Mov 1;Mov 2;Mov 3
2342,EmanMoh23,emy*04,Eman,FathElBab,eman0muhammed@gmail.com,standard,Movie 1;Movie 2,Mov 1;Mov 2